asset_id,category,type,priority,kind,file,runtime_ready
ARCH_FLOOR_CONCRETE_TILE_001,architecture,floor,P1,3d_glb,01_runtime_3d/models/architecture/ARCH_FLOOR_CONCRETE_TILE_001.glb,True
ARCH_FLOOR_WOOD_TILE_001,architecture,floor,P1,3d_glb,01_runtime_3d/models/architecture/ARCH_FLOOR_WOOD_TILE_001.glb,True
ARCH_FLOOR_CARPET_TILE_001,architecture,floor,P2,3d_glb,01_runtime_3d/models/architecture/ARCH_FLOOR_CARPET_TILE_001.glb,True
ARCH_WALL_SEGMENT_CONCRETE_001,architecture,wall,P1,3d_glb,01_runtime_3d/models/architecture/ARCH_WALL_SEGMENT_CONCRETE_001.glb,True
ARCH_WINDOW_TALL_001,architecture,window,P2,3d_glb,01_runtime_3d/models/architecture/ARCH_WINDOW_TALL_001.glb,True
ARCH_COLUMN_ROUND_001,architecture,column,P2,3d_glb,01_runtime_3d/models/architecture/ARCH_COLUMN_ROUND_001.glb,True
ARCH_SIGNAGE_STANDING_001,architecture,signage,P2,3d_glb,01_runtime_3d/models/architecture/ARCH_SIGNAGE_STANDING_001.glb,True
ARCH_GLASS_PARTITION_001,architecture,glass,P1,3d_glb,01_runtime_3d/models/architecture/ARCH_GLASS_PARTITION_001.glb,True
ARCH_GLASS_DOOR_001,architecture,glass_door,P1,3d_glb,01_runtime_3d/models/architecture/ARCH_GLASS_DOOR_001.glb,True
ARCH_GLASS_MEETING_ROOM_HERO_001,architecture,room_shell,P1,3d_glb,01_runtime_3d/models/architecture/ARCH_GLASS_MEETING_ROOM_HERO_001.glb,True
ARCH_NEON_ROOM_OUTLINE_BLUE_001,architecture,emissive,P1,3d_glb,01_runtime_3d/models/architecture/ARCH_NEON_ROOM_OUTLINE_BLUE_001.glb,True
ARCH_PLANTER_DIVIDER_001,architecture,planter,P1,3d_glb,01_runtime_3d/models/architecture/ARCH_PLANTER_DIVIDER_001.glb,True
RECEPTION_DESK_MARBLE_HERO_001,reception,reception_desk,P1,3d_glb,01_runtime_3d/models/reception/RECEPTION_DESK_MARBLE_HERO_001.glb,True
RECEPTION_BACKWALL_WOOD_SLAT_HERO_001,reception,brand_wall,P1,3d_glb,01_runtime_3d/models/reception/RECEPTION_BACKWALL_WOOD_SLAT_HERO_001.glb,True
RECEPTION_BRAND_WALL_001,reception,brand_wall,P1,3d_glb,01_runtime_3d/models/reception/RECEPTION_BRAND_WALL_001.glb,True
RECEPTION_COUNTER_LIGHT_STRIP_001,reception,light_strip,P1,3d_glb,01_runtime_3d/models/reception/RECEPTION_COUNTER_LIGHT_STRIP_001.glb,True
RECEPTION_STAFF_CHAIR_001,reception,chair,P2,3d_glb,01_runtime_3d/models/reception/RECEPTION_STAFF_CHAIR_001.glb,True
LOBBY_DECOR_SHELF_001,reception,shelf,P1,3d_glb,01_runtime_3d/models/reception/LOBBY_DECOR_SHELF_001.glb,True
DESK_STANDARD_001,workstation,desk,P1,3d_glb,01_runtime_3d/models/workstation/DESK_STANDARD_001.glb,True
DESK_L_CORNER_001,workstation,desk,P2,3d_glb,01_runtime_3d/models/workstation/DESK_L_CORNER_001.glb,True
DESK_BENCH_2P_001,workstation,desk,P2,3d_glb,01_runtime_3d/models/workstation/DESK_BENCH_2P_001.glb,True
DESK_BENCH_4P_HERO_001,workstation,desk_cluster,P1,3d_glb,01_runtime_3d/models/workstation/DESK_BENCH_4P_HERO_001.glb,True
CHAIR_TASK_BLACK_HERO_001,workstation,chair,P1,3d_glb,01_runtime_3d/models/workstation/CHAIR_TASK_BLACK_HERO_001.glb,True
CHAIR_EXECUTIVE_HIGHBACK_001,workstation,chair,P2,3d_glb,01_runtime_3d/models/workstation/CHAIR_EXECUTIVE_HIGHBACK_001.glb,True
CHAIR_GUEST_ARM_001,workstation,chair,P2,3d_glb,01_runtime_3d/models/workstation/CHAIR_GUEST_ARM_001.glb,True
CHAIR_STOOL_BAR_001,workstation,chair,P2,3d_glb,01_runtime_3d/models/workstation/CHAIR_STOOL_BAR_001.glb,True
MEETING_TABLE_8P_HERO_001,meeting,meeting_table,P1,3d_glb,01_runtime_3d/models/meeting/MEETING_TABLE_8P_HERO_001.glb,True
MEETING_TABLE_4P_001,meeting,meeting_table,P2,3d_glb,01_runtime_3d/models/meeting/MEETING_TABLE_4P_001.glb,True
MEETING_CHAIR_BLACK_001,meeting,chair,P1,3d_glb,01_runtime_3d/models/meeting/MEETING_CHAIR_BLACK_001.glb,True
MEETING_TV_WALL_001,meeting,display,P1,3d_glb,01_runtime_3d/models/meeting/MEETING_TV_WALL_001.glb,True
MEETING_WHITEBOARD_WALL_001,meeting,whiteboard,P1,3d_glb,01_runtime_3d/models/meeting/MEETING_WHITEBOARD_WALL_001.glb,True
MEETING_WHITEBOARD_MOBILE_001,meeting,whiteboard,P2,3d_glb,01_runtime_3d/models/meeting/MEETING_WHITEBOARD_MOBILE_001.glb,True
MEETING_CAMERA_BAR_001,meeting,camera,P2,3d_glb,01_runtime_3d/models/meeting/MEETING_CAMERA_BAR_001.glb,True
MEETING_SPEAKERPHONE_001,meeting,speakerphone,P2,3d_glb,01_runtime_3d/models/meeting/MEETING_SPEAKERPHONE_001.glb,True
SOFA_SECTIONAL_BLUE_HERO_001,lounge,sofa,P1,3d_glb,01_runtime_3d/models/lounge/SOFA_SECTIONAL_BLUE_HERO_001.glb,True
SOFA_3SEAT_LIGHT_001,lounge,sofa,P1,3d_glb,01_runtime_3d/models/lounge/SOFA_3SEAT_LIGHT_001.glb,True
SOFA_2SEAT_001,lounge,sofa,P2,3d_glb,01_runtime_3d/models/lounge/SOFA_2SEAT_001.glb,True
LOUNGE_CHAIR_ROUND_001,lounge,chair,P2,3d_glb,01_runtime_3d/models/lounge/LOUNGE_CHAIR_ROUND_001.glb,True
TABLE_COFFEE_ROUND_001,lounge,table,P1,3d_glb,01_runtime_3d/models/lounge/TABLE_COFFEE_ROUND_001.glb,True
TABLE_SIDE_001,lounge,table,P2,3d_glb,01_runtime_3d/models/lounge/TABLE_SIDE_001.glb,True
RUG_BLUE_PATTERN_001,lounge,rug,P2,3d_glb,01_runtime_3d/models/lounge/RUG_BLUE_PATTERN_001.glb,True
PHONEBOOTH_1P_GLASS_001,focus,phonebooth,P2,3d_glb,01_runtime_3d/models/focus/PHONEBOOTH_1P_GLASS_001.glb,True
FOCUS_POD_001,focus,focus_pod,P2,3d_glb,01_runtime_3d/models/focus/FOCUS_POD_001.glb,True
ACOUSTIC_PANEL_001,focus,panel,P2,3d_glb,01_runtime_3d/models/focus/ACOUSTIC_PANEL_001.glb,True
PANTRY_COUNTER_MARBLE_HERO_001,pantry,counter,P2,3d_glb,01_runtime_3d/models/pantry/PANTRY_COUNTER_MARBLE_HERO_001.glb,True
WATER_DISPENSER_001,pantry,water_dispenser,P1,3d_glb,01_runtime_3d/models/pantry/WATER_DISPENSER_001.glb,True
COFFEE_MACHINE_001,pantry,coffee_machine,P2,3d_glb,01_runtime_3d/models/pantry/COFFEE_MACHINE_001.glb,True
BAR_STOOL_BLUE_001,pantry,stool,P2,3d_glb,01_runtime_3d/models/pantry/BAR_STOOL_BLUE_001.glb,True
FRIDGE_001,pantry,fridge,P2,3d_glb,01_runtime_3d/models/pantry/FRIDGE_001.glb,True
MICROWAVE_001,pantry,microwave,P2,3d_glb,01_runtime_3d/models/pantry/MICROWAVE_001.glb,True
MONITOR_SINGLE_001,props,monitor,P1,3d_glb,01_runtime_3d/models/props/MONITOR_SINGLE_001.glb,True
MONITOR_DUAL_001,props,monitor,P1,3d_glb,01_runtime_3d/models/props/MONITOR_DUAL_001.glb,True
LAPTOP_OPEN_001,props,laptop,P1,3d_glb,01_runtime_3d/models/props/LAPTOP_OPEN_001.glb,True
KEYBOARD_MOUSE_SET_001,props,keyboard_mouse,P1,3d_glb,01_runtime_3d/models/props/KEYBOARD_MOUSE_SET_001.glb,True
DESK_LAMP_SLIM_001,props,lamp,P1,3d_glb,01_runtime_3d/models/props/DESK_LAMP_SLIM_001.glb,True
MUG_CERAMIC_001,props,mug,P1,3d_glb,01_runtime_3d/models/props/MUG_CERAMIC_001.glb,True
COFFEE_TAKEOUT_001,props,cup,P1,3d_glb,01_runtime_3d/models/props/COFFEE_TAKEOUT_001.glb,True
DESK_PHONE_001,props,phone,P2,3d_glb,01_runtime_3d/models/props/DESK_PHONE_001.glb,True
PAPER_STACK_001,props,paper,P2,3d_glb,01_runtime_3d/models/props/PAPER_STACK_001.glb,True
PEN_HOLDER_001,props,pen_holder,P2,3d_glb,01_runtime_3d/models/props/PEN_HOLDER_001.glb,True
BOOK_STACK_001,props,books,P2,3d_glb,01_runtime_3d/models/props/BOOK_STACK_001.glb,True
BINDER_SET_001,props,binder,P2,3d_glb,01_runtime_3d/models/props/BINDER_SET_001.glb,True
HEADSET_001,props,headset,P2,3d_glb,01_runtime_3d/models/props/HEADSET_001.glb,True
CABLE_SET_001,props,cable,P2,3d_glb,01_runtime_3d/models/props/CABLE_SET_001.glb,True
DOCUMENT_TRAY_001,props,tray,P2,3d_glb,01_runtime_3d/models/props/DOCUMENT_TRAY_001.glb,True
SHELF_OPEN_001,storage,shelf,P1,3d_glb,01_runtime_3d/models/storage/SHELF_OPEN_001.glb,True
CABINET_FILE_001,storage,cabinet,P1,3d_glb,01_runtime_3d/models/storage/CABINET_FILE_001.glb,True
LOCKER_001,storage,locker,P2,3d_glb,01_runtime_3d/models/storage/LOCKER_001.glb,True
PRINTER_MFP_001,storage,printer,P1,3d_glb,01_runtime_3d/models/storage/PRINTER_MFP_001.glb,True
TRASH_BIN_001,storage,trash,P2,3d_glb,01_runtime_3d/models/storage/TRASH_BIN_001.glb,True
PLANT_LARGE_REALISTIC_HERO_001,plants,plant,P1,3d_glb,01_runtime_3d/models/plants/PLANT_LARGE_REALISTIC_HERO_001.glb,True
PLANT_MEDIUM_001,plants,plant,P1,3d_glb,01_runtime_3d/models/plants/PLANT_MEDIUM_001.glb,True
PLANT_SMALL_DESK_001,plants,plant,P1,3d_glb,01_runtime_3d/models/plants/PLANT_SMALL_DESK_001.glb,True
PLANT_HANGING_001,plants,plant,P2,3d_glb,01_runtime_3d/models/plants/PLANT_HANGING_001.glb,True
WALL_ART_FRAME_001,decor,art,P2,3d_glb,01_runtime_3d/models/decor/WALL_ART_FRAME_001.glb,True
POSTER_FOCUS_PLAN_EXECUTE_001,decor,poster,P2,3d_glb,01_runtime_3d/models/decor/POSTER_FOCUS_PLAN_EXECUTE_001.glb,True
WALL_CLOCK_001,decor,clock,P2,3d_glb,01_runtime_3d/models/decor/WALL_CLOCK_001.glb,True
LIGHT_CEILING_PANEL_001,lighting,light,P2,3d_glb,01_runtime_3d/models/lighting/LIGHT_CEILING_PANEL_001.glb,True
LIGHT_PENDANT_WARM_001,lighting,light,P2,3d_glb,01_runtime_3d/models/lighting/LIGHT_PENDANT_WARM_001.glb,True
CHAR_MALE_001,characters,character,P1,3d_glb,01_runtime_3d/models/characters/CHAR_MALE_001.glb,True
CHAR_FEMALE_001,characters,character,P1,3d_glb,01_runtime_3d/models/characters/CHAR_FEMALE_001.glb,True
CHAR_RECEPTIONIST_001,characters,character,P1,3d_glb,01_runtime_3d/models/characters/CHAR_RECEPTIONIST_001.glb,True
CHAR_MALE_CASUAL_002,characters,character,P2,3d_glb,01_runtime_3d/models/characters/CHAR_MALE_CASUAL_002.glb,True
CHAR_FEMALE_BUSINESS_002,characters,character,P2,3d_glb,01_runtime_3d/models/characters/CHAR_FEMALE_BUSINESS_002.glb,True
CHAR_FEMALE_HERO_V4_001,characters,avatar,P0,3d_glb,01_runtime_3d/models/v4_characters/CHAR_FEMALE_HERO_V4_001.glb,True
CHAR_MALE_HERO_V4_001,characters,avatar,P0,3d_glb,01_runtime_3d/models/v4_characters/CHAR_MALE_HERO_V4_001.glb,True
CHAR_RECEPTIONIST_HERO_V4_001,characters,avatar,P0,3d_glb,01_runtime_3d/models/v4_characters/CHAR_RECEPTIONIST_HERO_V4_001.glb,True
HERO_GLASS_MEETING_ROOM_V4_001,hero,production_hero_module,P0,3d_glb,01_runtime_3d/models/v4_hero/HERO_GLASS_MEETING_ROOM_V4_001.glb,True
HERO_LOUNGE_BLUE_AREA_V4_001,hero,production_hero_module,P0,3d_glb,01_runtime_3d/models/v4_hero/HERO_LOUNGE_BLUE_AREA_V4_001.glb,True
HERO_PANTRY_CAFE_V4_001,hero,production_hero_module,P0,3d_glb,01_runtime_3d/models/v4_hero/HERO_PANTRY_CAFE_V4_001.glb,True
HERO_RECEPTION_LOBBY_V4_001,hero,production_hero_module,P0,3d_glb,01_runtime_3d/models/v4_hero/HERO_RECEPTION_LOBBY_V4_001.glb,True
HERO_WORKSTATION_CLUSTER_V4_001,hero,production_hero_module,P0,3d_glb,01_runtime_3d/models/v4_hero/HERO_WORKSTATION_CLUSTER_V4_001.glb,True
SCENE_ACME_HQ_HERO_V3_001,scene,composite_scene,P0,scene_glb,01_runtime_3d/scenes/SCENE_ACME_HQ_HERO_V3_001.glb,True
SCENE_ACME_HQ_HERO_V4_001,scene,composite_scene,P0,scene_glb,01_runtime_3d/scenes/SCENE_ACME_HQ_HERO_V4_001.glb,True
SCENE_ASSET_GALLERY_HERO_V3_001,scene,composite_scene,P0,scene_glb,01_runtime_3d/scenes/SCENE_ASSET_GALLERY_HERO_V3_001.glb,True
SCENE_ASSET_GALLERY_HERO_V4_001,scene,composite_scene,P0,scene_glb,01_runtime_3d/scenes/SCENE_ASSET_GALLERY_HERO_V4_001.glb,True
SCENE_VERTICAL_SLICE_HERO_V3_001,scene,composite_scene,P0,scene_glb,01_runtime_3d/scenes/SCENE_VERTICAL_SLICE_HERO_V3_001.glb,True
SCENE_VERTICAL_SLICE_HERO_V4_001,scene,composite_scene,P0,scene_glb,01_runtime_3d/scenes/SCENE_VERTICAL_SLICE_HERO_V4_001.glb,True
UI_LEFT_SIDEBAR,ui_overlay,png,P0,ui_asset,02_ui_overlay_assets/png/UI_LEFT_SIDEBAR.png,True
UI_MINIMAP_FLOOR_1,ui_overlay,png,P0,ui_asset,02_ui_overlay_assets/png/UI_MINIMAP_FLOOR_1.png,True
UI_NAME_TAG_ONLINE,ui_overlay,png,P0,ui_asset,02_ui_overlay_assets/png/UI_NAME_TAG_ONLINE.png,True
UI_PEOPLE_PANEL,ui_overlay,png,P0,ui_asset,02_ui_overlay_assets/png/UI_PEOPLE_PANEL.png,True
UI_ROOM_LABEL_PRODUCT_SYNC,ui_overlay,png,P0,ui_asset,02_ui_overlay_assets/png/UI_ROOM_LABEL_PRODUCT_SYNC.png,True
UI_VIDEO_MEETING_CARD,ui_overlay,png,P0,ui_asset,02_ui_overlay_assets/png/UI_VIDEO_MEETING_CARD.png,True
UI_WALK_HINT_ENTER,ui_overlay,png,P0,ui_asset,02_ui_overlay_assets/png/UI_WALK_HINT_ENTER.png,True
UI_ROOM_OUTLINE_BLUE,ui_overlay,svg,P0,ui_asset,02_ui_overlay_assets/svg/UI_ROOM_OUTLINE_BLUE.svg,True
UI_SEARCH_BOX,ui_overlay,svg,P0,ui_asset,02_ui_overlay_assets/svg/UI_SEARCH_BOX.svg,True
UI_STATUS_DOT_ONLINE,ui_overlay,svg,P0,ui_asset,02_ui_overlay_assets/svg/UI_STATUS_DOT_ONLINE.svg,True
UI_VIDEO_ICON,ui_overlay,svg,P0,ui_asset,02_ui_overlay_assets/svg/UI_VIDEO_ICON.svg,True
