file,valid,meshes,materials,images,textures,skins,animations,all_tri_primitives_have_normals,all_tri_primitives_have_uv0,bytes
01_runtime_3d/models_pbr_v10/architecture/ARCH_COLUMN_ROUND_001.glb,True,2,2,6,6,0,0,True,True,425036
01_runtime_3d/models_pbr_v10/architecture/ARCH_FLOOR_CARPET_TILE_001.glb,True,4,2,6,6,0,0,True,True,1201160
01_runtime_3d/models_pbr_v10/architecture/ARCH_FLOOR_CONCRETE_TILE_001.glb,True,5,2,6,6,0,0,True,True,424708
01_runtime_3d/models_pbr_v10/architecture/ARCH_FLOOR_WOOD_TILE_001.glb,True,9,2,3,3,0,0,True,True,443576
01_runtime_3d/models_pbr_v10/architecture/ARCH_GLASS_DOOR_001.glb,True,7,4,12,12,0,0,True,True,329848
01_runtime_3d/models_pbr_v10/architecture/ARCH_GLASS_MEETING_ROOM_HERO_001.glb,True,22,4,12,12,0,0,True,True,347544
01_runtime_3d/models_pbr_v10/architecture/ARCH_GLASS_PARTITION_001.glb,True,5,2,6,6,0,0,True,True,126880
01_runtime_3d/models_pbr_v10/architecture/ARCH_NEON_ROOM_OUTLINE_BLUE_001.glb,True,1,1,3,3,0,0,True,True,25976
01_runtime_3d/models_pbr_v10/architecture/ARCH_PLANTER_DIVIDER_001.glb,True,13,2,6,6,0,0,True,True,399020
01_runtime_3d/models_pbr_v10/architecture/ARCH_SIGNAGE_STANDING_001.glb,True,4,3,9,9,0,0,True,True,230100
01_runtime_3d/models_pbr_v10/architecture/ARCH_WALL_SEGMENT_CONCRETE_001.glb,True,1,1,3,3,0,0,True,True,220524
01_runtime_3d/models_pbr_v10/architecture/ARCH_WINDOW_TALL_001.glb,True,6,2,6,6,0,0,True,True,128024
01_runtime_3d/models_pbr_v10/characters/CHAR_FEMALE_001.glb,True,20,8,24,24,0,0,True,True,1527540
01_runtime_3d/models_pbr_v10/characters/CHAR_FEMALE_BUSINESS_002.glb,True,20,8,24,24,0,0,True,True,1543756
01_runtime_3d/models_pbr_v10/characters/CHAR_MALE_001.glb,True,20,8,24,24,0,0,True,True,1566652
01_runtime_3d/models_pbr_v10/characters/CHAR_MALE_CASUAL_002.glb,True,20,8,24,24,0,0,True,True,1550436
01_runtime_3d/models_pbr_v10/characters/CHAR_RECEPTIONIST_001.glb,True,21,9,27,27,0,0,True,True,1567560
01_runtime_3d/models_pbr_v10/characters_rigged/CHAR_FEMALE_001_RIGGED_V8.glb,True,1,8,24,24,1,12,True,True,1614088
01_runtime_3d/models_pbr_v10/characters_rigged/CHAR_FEMALE_BUSINESS_002_RIGGED_V8.glb,True,1,8,24,24,1,12,True,True,1630344
01_runtime_3d/models_pbr_v10/characters_rigged/CHAR_FEMALE_RIGGED_HERO_V8_001.glb,True,1,5,15,15,1,12,True,True,1716280
01_runtime_3d/models_pbr_v10/characters_rigged/CHAR_MALE_001_RIGGED_V8.glb,True,1,8,24,24,1,12,True,True,1653184
01_runtime_3d/models_pbr_v10/characters_rigged/CHAR_MALE_CASUAL_002_RIGGED_V8.glb,True,1,8,24,24,1,12,True,True,1637008
01_runtime_3d/models_pbr_v10/characters_rigged/CHAR_MALE_RIGGED_HERO_V8_001.glb,True,1,5,15,15,1,12,True,True,1748656
01_runtime_3d/models_pbr_v10/characters_rigged/CHAR_RECEPTIONIST_001_RIGGED_V8.glb,True,1,9,27,27,1,12,True,True,1654624
01_runtime_3d/models_pbr_v10/characters_rigged/CHAR_RECEPTIONIST_RIGGED_HERO_V8_001.glb,True,1,5,15,15,1,12,True,True,1716292
01_runtime_3d/models_pbr_v10/characters_rigged_v8/CHAR_FEMALE_001_RIGGED_V8.glb,True,1,8,24,24,1,12,True,True,1614088
01_runtime_3d/models_pbr_v10/characters_rigged_v8/CHAR_FEMALE_BUSINESS_002_RIGGED_V8.glb,True,1,8,24,24,1,12,True,True,1630344
01_runtime_3d/models_pbr_v10/characters_rigged_v8/CHAR_FEMALE_RIGGED_HERO_V8_001.glb,True,1,5,15,15,1,12,True,True,1716280
01_runtime_3d/models_pbr_v10/characters_rigged_v8/CHAR_MALE_001_RIGGED_V8.glb,True,1,8,24,24,1,12,True,True,1653184
01_runtime_3d/models_pbr_v10/characters_rigged_v8/CHAR_MALE_CASUAL_002_RIGGED_V8.glb,True,1,8,24,24,1,12,True,True,1637008
01_runtime_3d/models_pbr_v10/characters_rigged_v8/CHAR_MALE_RIGGED_HERO_V8_001.glb,True,1,5,15,15,1,12,True,True,1748656
01_runtime_3d/models_pbr_v10/characters_rigged_v8/CHAR_RECEPTIONIST_001_RIGGED_V8.glb,True,1,9,27,27,1,12,True,True,1654624
01_runtime_3d/models_pbr_v10/characters_rigged_v8/CHAR_RECEPTIONIST_RIGGED_HERO_V8_001.glb,True,1,5,15,15,1,12,True,True,1716292
01_runtime_3d/models_pbr_v10/decor/POSTER_FOCUS_PLAN_EXECUTE_001.glb,True,2,2,7,7,0,0,True,True,140244
01_runtime_3d/models_pbr_v10/decor/WALL_ART_FRAME_001.glb,True,2,2,7,7,0,0,True,True,128092
01_runtime_3d/models_pbr_v10/decor/WALL_CLOCK_001.glb,True,4,2,6,6,0,0,True,True,212432
01_runtime_3d/models_pbr_v10/focus/ACOUSTIC_PANEL_001.glb,True,5,2,6,6,0,0,True,True,547904
01_runtime_3d/models_pbr_v10/focus/FOCUS_POD_001.glb,True,4,4,12,12,0,0,True,True,1352832
01_runtime_3d/models_pbr_v10/focus/PHONEBOOTH_1P_GLASS_001.glb,True,10,5,15,15,0,0,True,True,812700
01_runtime_3d/models_pbr_v10/lighting/LIGHT_CEILING_PANEL_001.glb,True,2,2,6,6,0,0,True,True,120944
01_runtime_3d/models_pbr_v10/lighting/LIGHT_PENDANT_WARM_001.glb,True,3,2,6,6,0,0,True,True,152516
01_runtime_3d/models_pbr_v10/lounge/LOUNGE_CHAIR_ROUND_001.glb,True,10,2,6,6,0,0,True,True,485972
01_runtime_3d/models_pbr_v10/lounge/RUG_BLUE_PATTERN_001.glb,True,4,2,6,6,0,0,True,True,1201364
01_runtime_3d/models_pbr_v10/lounge/SOFA_2SEAT_001.glb,True,12,2,6,6,0,0,True,True,481440
01_runtime_3d/models_pbr_v10/lounge/SOFA_3SEAT_LIGHT_001.glb,True,14,2,6,6,0,0,True,True,486624
01_runtime_3d/models_pbr_v10/lounge/SOFA_SECTIONAL_BLUE_HERO_001.glb,True,16,2,6,6,0,0,True,True,502292
01_runtime_3d/models_pbr_v10/lounge/TABLE_COFFEE_ROUND_001.glb,True,3,2,6,6,0,0,True,True,581800
01_runtime_3d/models_pbr_v10/lounge/TABLE_SIDE_001.glb,True,5,2,6,6,0,0,True,True,580792
01_runtime_3d/models_pbr_v10/meeting/MEETING_CAMERA_BAR_001.glb,True,3,2,6,6,0,0,True,True,119020
01_runtime_3d/models_pbr_v10/meeting/MEETING_CHAIR_BLACK_001.glb,True,4,2,6,6,0,0,True,True,378384
01_runtime_3d/models_pbr_v10/meeting/MEETING_SPEAKERPHONE_001.glb,True,2,2,6,6,0,0,True,True,269916
01_runtime_3d/models_pbr_v10/meeting/MEETING_TABLE_4P_001.glb,True,3,2,6,6,0,0,True,True,580104
01_runtime_3d/models_pbr_v10/meeting/MEETING_TABLE_8P_HERO_001.glb,True,3,2,6,6,0,0,True,True,580116
01_runtime_3d/models_pbr_v10/meeting/MEETING_TV_WALL_001.glb,True,3,3,11,11,0,0,True,True,132452
01_runtime_3d/models_pbr_v10/meeting/MEETING_WHITEBOARD_MOBILE_001.glb,True,14,4,12,12,0,0,True,True,554448
01_runtime_3d/models_pbr_v10/meeting/MEETING_WHITEBOARD_WALL_001.glb,True,10,3,9,9,0,0,True,True,459272
01_runtime_3d/models_pbr_v10/pantry/BAR_STOOL_BLUE_001.glb,True,4,2,6,6,0,0,True,True,380984
01_runtime_3d/models_pbr_v10/pantry/COFFEE_MACHINE_001.glb,True,5,3,9,9,0,0,True,True,356472
01_runtime_3d/models_pbr_v10/pantry/FRIDGE_001.glb,True,4,2,6,6,0,0,True,True,273612
01_runtime_3d/models_pbr_v10/pantry/MICROWAVE_001.glb,True,3,3,9,9,0,0,True,True,278256
01_runtime_3d/models_pbr_v10/pantry/PANTRY_COUNTER_MARBLE_HERO_001.glb,True,6,3,9,9,0,0,True,True,753100
01_runtime_3d/models_pbr_v10/pantry/WATER_DISPENSER_001.glb,True,5,5,15,15,0,0,True,True,466924
01_runtime_3d/models_pbr_v10/plants/PLANT_HANGING_001.glb,True,32,4,12,12,0,0,True,True,585492
01_runtime_3d/models_pbr_v10/plants/PLANT_LARGE_REALISTIC_HERO_001.glb,True,46,4,12,12,0,0,True,True,791636
01_runtime_3d/models_pbr_v10/plants/PLANT_MEDIUM_001.glb,True,26,3,9,9,0,0,True,True,450676
01_runtime_3d/models_pbr_v10/plants/PLANT_SMALL_DESK_001.glb,True,8,2,6,6,0,0,True,True,220328
01_runtime_3d/models_pbr_v10/props/BINDER_SET_001.glb,True,5,5,15,15,0,0,True,True,994096
01_runtime_3d/models_pbr_v10/props/BOOK_STACK_001.glb,True,4,4,12,12,0,0,True,True,1072740
01_runtime_3d/models_pbr_v10/props/CABLE_SET_001.glb,True,2,1,3,3,0,0,True,True,89504
01_runtime_3d/models_pbr_v10/props/COFFEE_TAKEOUT_001.glb,True,3,3,9,9,0,0,True,True,595156
01_runtime_3d/models_pbr_v10/props/DESK_LAMP_SLIM_001.glb,True,5,2,6,6,0,0,True,True,158132
01_runtime_3d/models_pbr_v10/props/DESK_PHONE_001.glb,True,14,2,6,6,0,0,True,True,306444
01_runtime_3d/models_pbr_v10/props/DOCUMENT_TRAY_001.glb,True,2,2,6,6,0,0,True,True,160048
01_runtime_3d/models_pbr_v10/props/HEADSET_001.glb,True,14,1,3,3,0,0,True,True,109368
01_runtime_3d/models_pbr_v10/props/KEYBOARD_MOUSE_SET_001.glb,True,18,2,6,6,0,0,True,True,318860
01_runtime_3d/models_pbr_v10/props/LAPTOP_OPEN_001.glb,True,4,3,9,9,0,0,True,True,293176
01_runtime_3d/models_pbr_v10/props/MONITOR_DUAL_001.glb,True,8,3,9,9,0,0,True,True,234472
01_runtime_3d/models_pbr_v10/props/MONITOR_SINGLE_001.glb,True,4,3,9,9,0,0,True,True,228168
01_runtime_3d/models_pbr_v10/props/MUG_CERAMIC_001.glb,True,4,2,6,6,0,0,True,True,291992
01_runtime_3d/models_pbr_v10/props/PAPER_STACK_001.glb,True,6,1,3,3,0,0,True,True,77052
01_runtime_3d/models_pbr_v10/props/PEN_HOLDER_001.glb,True,6,3,9,9,0,0,True,True,209208
01_runtime_3d/models_pbr_v10/reception/LOBBY_DECOR_SHELF_001.glb,True,21,8,24,24,0,0,True,True,1565348
01_runtime_3d/models_pbr_v10/reception/RECEPTION_BACKWALL_WOOD_SLAT_HERO_001.glb,True,27,4,11,11,0,0,True,True,559672
01_runtime_3d/models_pbr_v10/reception/RECEPTION_BRAND_WALL_001.glb,True,27,4,11,11,0,0,True,True,559672
01_runtime_3d/models_pbr_v10/reception/RECEPTION_COUNTER_LIGHT_STRIP_001.glb,True,1,1,3,3,0,0,True,True,26424
01_runtime_3d/models_pbr_v10/reception/RECEPTION_DESK_MARBLE_HERO_001.glb,True,23,5,12,12,0,0,True,True,678168
01_runtime_3d/models_pbr_v10/reception/RECEPTION_STAFF_CHAIR_001.glb,True,19,5,15,15,0,0,True,True,628272
01_runtime_3d/models_pbr_v10/storage/CABINET_FILE_001.glb,True,7,3,9,9,0,0,True,True,496204
01_runtime_3d/models_pbr_v10/storage/LOCKER_001.glb,True,16,3,9,9,0,0,True,True,504932
01_runtime_3d/models_pbr_v10/storage/PRINTER_MFP_001.glb,True,5,3,9,9,0,0,True,True,323264
01_runtime_3d/models_pbr_v10/storage/SHELF_OPEN_001.glb,True,21,8,24,24,0,0,True,True,1565348
01_runtime_3d/models_pbr_v10/storage/TRASH_BIN_001.glb,True,2,2,6,6,0,0,True,True,292140
01_runtime_3d/models_pbr_v10/v4_characters/CHAR_FEMALE_HERO_V4_001.glb,True,16,5,21,21,0,0,True,True,1627872
01_runtime_3d/models_pbr_v10/v4_characters/CHAR_MALE_HERO_V4_001.glb,True,16,5,21,21,0,0,True,True,1660336
01_runtime_3d/models_pbr_v10/v4_characters/CHAR_RECEPTIONIST_HERO_V4_001.glb,True,16,5,21,21,0,0,True,True,1625568
01_runtime_3d/models_pbr_v10/v4_hero/HERO_GLASS_MEETING_ROOM_V4_001.glb,True,231,17,85,85,0,0,True,True,8036324
01_runtime_3d/models_pbr_v10/v4_hero/HERO_LOUNGE_BLUE_AREA_V4_001.glb,True,93,7,36,36,0,0,True,True,4892232
01_runtime_3d/models_pbr_v10/v4_hero/HERO_PANTRY_CAFE_V4_001.glb,True,69,7,36,36,0,0,True,True,2149184
01_runtime_3d/models_pbr_v10/v4_hero/HERO_RECEPTION_LOBBY_V4_001.glb,True,217,17,77,77,0,0,True,True,9033052
01_runtime_3d/models_pbr_v10/v4_hero/HERO_WORKSTATION_CLUSTER_V4_001.glb,True,289,16,68,68,0,0,True,True,7997872
01_runtime_3d/models_pbr_v10/workstation/CHAIR_EXECUTIVE_HIGHBACK_001.glb,True,30,4,12,12,0,0,True,True,617216
01_runtime_3d/models_pbr_v10/workstation/CHAIR_GUEST_ARM_001.glb,True,6,2,6,6,0,0,True,True,527696
01_runtime_3d/models_pbr_v10/workstation/CHAIR_STOOL_BAR_001.glb,True,4,2,6,6,0,0,True,True,380984
01_runtime_3d/models_pbr_v10/workstation/CHAIR_TASK_BLACK_HERO_001.glb,True,18,4,12,12,0,0,True,True,602544
01_runtime_3d/models_pbr_v10/workstation/DESK_BENCH_2P_001.glb,True,8,4,12,12,0,0,True,True,1122524
01_runtime_3d/models_pbr_v10/workstation/DESK_BENCH_4P_HERO_001.glb,True,13,6,18,18,0,0,True,True,1419848
01_runtime_3d/models_pbr_v10/workstation/DESK_L_CORNER_001.glb,True,7,3,9,9,0,0,True,True,783232
01_runtime_3d/models_pbr_v10/workstation/DESK_STANDARD_001.glb,True,8,5,15,15,0,0,True,True,1146648
01_runtime_3d/scenes_pbr_v10/SCENE_ACME_HQ_HERO_V3_001.glb,True,1088,40,113,113,0,0,True,True,9517384
01_runtime_3d/scenes_pbr_v10/SCENE_ACME_HQ_HERO_V4_001.glb,True,1689,32,114,114,0,0,True,True,22452952
01_runtime_3d/scenes_pbr_v10/SCENE_ASSET_GALLERY_HERO_V3_001.glb,True,224,30,83,83,0,0,True,True,5736208
01_runtime_3d/scenes_pbr_v10/SCENE_ASSET_GALLERY_HERO_V4_001.glb,True,371,24,106,106,0,0,True,True,10738796
01_runtime_3d/scenes_pbr_v10/SCENE_VERTICAL_SLICE_HERO_V3_001.glb,True,1088,40,113,113,0,0,True,True,9517384
01_runtime_3d/scenes_pbr_v10/SCENE_VERTICAL_SLICE_HERO_V4_001.glb,True,276,23,100,100,0,0,True,True,9152760
